Segment,total_profits
Consumer,134119.20919999972
Corporate,91979.13400000021
Home Office,60298.678500000075
