Category,total_sales,rank
Technology,836154.0329999966,1
Furniture,741999.7952999998,2
Office Supplies,719047.0320000029,3
