Ship Mode,total_sales
Standard Class,1358215.7429999826
Second Class,459193.5693999998
First Class,351428.4229000002
Same Day,128363.125
