Category,total_profit
Technology,145454.9480999999
Office Supplies,122490.80080000011
Furniture,18451.2728
